{
  "basemapGallery": {
    "basemaps": [
      {
        "layers": [
          {
            "id": "layer0",
            "layerType": "ArcGISTiledMapServiceLayer",
            "opacity": 1,
            "visibility": true,
            "url": "http://services.arcgisonline.com/arcgis/rest/services/Canvas/World_Dark_Gray_Base/MapServer"
          },
          {
            "id": "World_Dark_Gray_Reference_8618",
            "layerType": "ArcGISTiledMapServiceLayer",
            "url": "http://services.arcgisonline.com/arcgis/rest/services/Canvas/World_Dark_Gray_Reference/MapServer",
            "visibility": true,
            "opacity": 1,
            "isReference": true
          }
        ],
        "title": "Dark Gray Canvas",
        "thumbnailUrl": "//innovate.maps.arcgis.com/sharing/rest/content/items/25869b8718c0419db87dad07de5b02d8/info/thumbnail/DGCanvasBase.png",
        "spatialReference": {
          "wkid": 102100
        }
      },
      {
        "layers": [
          {
            "id": "World_Imagery_2017",
            "visibility": true,
            "opacity": 1,
            "url": "http://services.arcgisonline.com/ArcGIS/rest/services/World_Imagery/MapServer"
          }
        ],
        "title": "Imagery",
        "thumbnailUrl": "//innovate.maps.arcgis.com/sharing/rest/content/items/86de95d4e0244cba80f0fa2c9403a7b2/info/thumbnail/tempimagery.jpg",
        "spatialReference": {
          "wkid": "102100"
        }
      },
      {
        "layers": [
          {
            "id": "World_Imagery_6611",
            "opacity": 1,
            "visibility": true,
            "url": "http://services.arcgisonline.com/ArcGIS/rest/services/World_Imagery/MapServer"
          },
          {
            "id": "World_Boundaries_and_Places_1145",
            "isReference": true,
            "opacity": 1,
            "visibility": true,
            "url": "http://services.arcgisonline.com/ArcGIS/rest/services/Reference/World_Boundaries_and_Places/MapServer"
          }
        ],
        "title": "Imagery with Labels",
        "thumbnailUrl": "//innovate.maps.arcgis.com/sharing/rest/content/items/413fd05bbd7342f5991d5ec96f4f8b18/info/thumbnail/imagery_labels.jpg",
        "spatialReference": {
          "wkid": "102100"
        }
      },
      {
        "layers": [
          {
            "id": "World_Light_Gray_Base_1486",
            "opacity": 1,
            "visibility": true,
            "url": "http://services.arcgisonline.com/ArcGIS/rest/services/Canvas/World_Light_Gray_Base/MapServer"
          },
          {
            "id": "World_Light_Gray_Reference_8656",
            "isReference": true,
            "opacity": 1,
            "visibility": true,
            "url": "http://services.arcgisonline.com/ArcGIS/rest/services/Canvas/World_Light_Gray_Reference/MapServer"
          }
        ],
        "title": "Light Gray Canvas",
        "thumbnailUrl": "//innovate.maps.arcgis.com/sharing/rest/content/items/8b3b470883a744aeb60e5fff0a319ce7/info/thumbnail/light_gray_canvas.jpg",
        "spatialReference": {
          "wkid": "102100"
        }
      },
      {
        "layers": [
          {
            "id": "NatGeo_World_Map_2536",
            "opacity": 1,
            "visibility": true,
            "url": "http://services.arcgisonline.com/ArcGIS/rest/services/NatGeo_World_Map/MapServer"
          }
        ],
        "title": "National Geographic",
        "thumbnailUrl": "//innovate.maps.arcgis.com/sharing/rest/content/items/509e2d6b034246d692a461724ae2d62c/info/thumbnail/natgeo.jpg",
        "spatialReference": {
          "wkid": "102100"
        }
      },
      {
        "layers": [
          {
            "id": "Ocean_Basemap_2089",
            "opacity": 1,
            "visibility": true,
            "url": "http://services.arcgisonline.com/arcgis/rest/services/Ocean/World_Ocean_Base/MapServer"
          },
          {
            "url": "http://services.arcgisonline.com/arcgis/rest/services/Ocean/World_Ocean_Reference/MapServer",
            "id": "World_Ocean_Reference_1261",
            "isReference": true,
            "visibility": true,
            "opacity": 1
          }
        ],
        "title": "Oceans",
        "thumbnailUrl": "//innovate.maps.arcgis.com/sharing/rest/content/items/48b8cec7ebf04b5fbdcaf70d09daff21/info/thumbnail/tempoceans.jpg",
        "spatialReference": {
          "wkid": "102100"
        }
      },
      {
        "layers": [
          {
            "visibility": true,
            "opacity": 1,
            "type": "OpenStreetMap"
          }
        ],
        "title": "OpenStreetMap",
        "thumbnailUrl": "//innovate.maps.arcgis.com/sharing/rest/content/items/5d2bfa736f8448b3a1708e1f6be23eed/info/thumbnail/temposm.jpg",
        "spatialReference": {
          "wkid": "102100"
        }
      },
      {
        "layers": [
          {
            "id": "World_Street_Map_8421",
            "opacity": 1,
            "visibility": true,
            "url": "http://services.arcgisonline.com/ArcGIS/rest/services/World_Street_Map/MapServer"
          }
        ],
        "title": "Streets",
        "thumbnailUrl": "//innovate.maps.arcgis.com/sharing/rest/content/items/d8855ee4d3d74413babfb0f41203b168/info/thumbnail/world_street_map.jpg",
        "spatialReference": {
          "wkid": "102100"
        }
      },
      {
        "layers": [
          {
            "id": "World_Terrain_Base_3",
            "layerType": "ArcGISTiledMapServiceLayer",
            "opacity": 1,
            "visibility": true,
            "url": "http://services.arcgisonline.com/ArcGIS/rest/services/World_Terrain_Base/MapServer"
          },
          {
            "id": "World_Reference_Overlay_5790",
            "layerType": "ArcGISTiledMapServiceLayer",
            "isReference": true,
            "opacity": 1,
            "visibility": true,
            "url": "http://services.arcgisonline.com/ArcGIS/rest/services/Reference/World_Reference_Overlay/MapServer"
          }
        ],
        "title": "Terrain with Labels",
        "thumbnailUrl": "//innovate.maps.arcgis.com/sharing/rest/content/items/aab054ab883c4a4094c72e949566ad40/info/thumbnail/terrain_labels.jpg",
        "spatialReference": {
          "wkid": 102100,
          "latestWkid": 3857
        }
      },
      {
        "layers": [
          {
            "id": "defaultBasemap",
            "opacity": 1,
            "visibility": true,
            "url": "http://services.arcgisonline.com/ArcGIS/rest/services/World_Topo_Map/MapServer"
          }
        ],
        "title": "Topographic",
        "thumbnailUrl": "//innovate.maps.arcgis.com/sharing/rest/content/items/6e03e8c26aad4b9c92a87c1063ddb0e3/info/thumbnail/topo_map_2.jpg",
        "spatialReference": {
          "wkid": "102100"
        }
      },
      {
        "layers": [
          {
            "id": "USA_Topo_Maps_4699",
            "opacity": 1,
            "visibility": true,
            "url": "http://services.arcgisonline.com/ArcGIS/rest/services/USA_Topo_Maps/MapServer"
          }
        ],
        "title": "USA Topo Maps",
        "thumbnailUrl": "//innovate.maps.arcgis.com/sharing/rest/content/items/931d892ac7a843d7ba29d085e0433465/info/thumbnail/usa_topo.jpg",
        "spatialReference": {
          "wkid": 102100,
          "latestWkid": 3857
        }
      },
      {
        "layers": [
          {
            "id": "layer0",
            "layerType": "ArcGISTiledMapServiceLayer",
            "opacity": 1,
            "visibility": true,
            "url": "http://basemap.nationalmap.gov/arcgis/rest/services/USGSTopo/MapServer"
          }
        ],
        "title": "USGS National Map",
        "thumbnailUrl": "//innovate.maps.arcgis.com/sharing/rest/content/items/6d9fa6d159ae4a1f80b9e296ed300767/info/thumbnail/national_map.jpg",
        "spatialReference": {
          "wkid": 102100
        }
      }
    ]
  }
}