{
  "routeTaskUrl": "https://route.arcgis.com/arcgis/rest/services/World/Route/NAServer/Route_World",
  "routeOptions": {
    "directionsLanguage": "en-us",
    "directionsLengthUnits": "esriKilometers",
    "directionsOutputType": "standard",
    "impedanceAttribute": ""
  },
  "geocoderOptions": {
    "autoComplete": true,
    "maxLocations": 6,
    "minCharacters": 3,
    "searchDelay": 350,
    "arcgisGeocoder": false,
    "geocoders": [
      {
        "url": "https://geocode.arcgis.com/arcgis/rest/services/World/GeocodeServer",
        "placeholder": ""
      }
    ]
  }
}