{
  "bookmarks2D": [
    {
      "name": "Sandpoint",
      "extent": {
        "type": "extent",
        "xmin": -12976136.677904494,
        "ymin": 6151790.444282683,
        "xmax": -12973365.835629083,
        "ymax": 6153701.369989863,
        "spatialReference": {
          "wkid": 102100
        },
        "cache": {
          "_parts": [
            {
              "extent": {
                "type": "extent",
                "xmin": -12976136.677904494,
                "ymin": 6151790.444282683,
                "xmax": -12973365.835629083,
                "ymax": 6153701.369989863,
                "spatialReference": {
                  "wkid": 102100
                }
              },
              "frameIds": [
                0
              ]
            }
          ]
        }
      },
      "thumbnail": "${appPath}/configs/Bookmark/thumbnail_1.png"
    }
  ],
  "bookmarks3D": [],
  "flyTime": 3000
}